AK Steel 201 Austenitic Stainless steel,758
AK Steel 201 Austenitic Stainless steel,862
AK Steel 201 Austenitic Stainless steel,1034
AK Steel 201 Austenitic Stainless steel,1276
202 Stainless Steel,515
202 Stainless Steel,515
205 Austenitic Stainless Steel (UNS S20500),790
ATI Allegheny Ludlum Stainless Steel Type 201,685
ATI Allegheny Ludlum Stainless Steel Type 201,696
202 Stainless Steel,620
202 Stainless Steel,620
ATI Allegheny Ludlum Stainless Steel Type 201,783
ATI Allegheny Ludlum Stainless Steel Type 201,814
202 Stainless Steel,860
202 Stainless Steel,860
ATI Allegheny Ludlum Stainless Steel Type 201,856
ATI Allegheny Ludlum Stainless Steel Type 201,902
202 Stainless Steel,705
202 Stainless Steel,1080
ATI Allegheny Ludlum Stainless Steel Type 201,1044
ATI Allegheny Ludlum Stainless Steel Type 201,1045
ATI Allegheny Ludlum Stainless Steel Type 201,1214
ATI Allegheny Ludlum Stainless Steel Type 201,1224
ATI Allegheny Ludlum Stainless Steel Type 201,1264
ATI Allegheny Ludlum Stainless Steel Type 201,1300
ATI Allegheny Ludlum Stainless Steel Type 201,1495
ATI Allegheny Ludlum Stainless Steel Type 201,1522
ATI Allegheny Ludlum Stainless Steel Type 201,1701
ATI Allegheny Ludlum Stainless Steel Type 201,1742
302 Stainless Steel,620
Type 254 SMO High-Nitrogen Austenitic Stainless Steel,650
301 Stainless Steel,515
302 Stainless Steel,860
AK Steel 301 Austenitic Stainless steel,758
AK Steel 301 Austenitic Stainless steel,862
AK Steel 301 Austenitic Stainless steel,1034
AK Steel 301 Austenitic Stainless steel,1276
Type 254 SMO High-Nitrogen Austenitic Stainless Steel,650
Eagle Brass 301 Austenitic Stainless Steel,517
302 Stainless Steel,585
Eagle Brass 301 Austenitic Stainless Steel,689
Outokumpu 254 SMO® High Performance Austenitic Stainless Steel,680
Eagle Brass 301 Austenitic Stainless Steel,862
302 Stainless Steel,640
Eagle Brass 301 Austenitic Stainless Steel,1030
302 Stainless Steel,807
Eagle Brass 301 Austenitic Stainless Steel,1210
302 Stainless Steel,848
Eagle Brass 301 Austenitic Stainless Steel,1280
302 Stainless Steel,945
ATI Allegheny Ludlum Stainless Steel Type 301,515
302 Stainless Steel,1050
ATI Allegheny Ludlum Stainless Steel Type 301,862
302 Stainless Steel,1165
302 Stainless Steel,1250
Eagle Brass 302 Austenitic Stainless Steel,517
Eagle Brass 302 Austenitic Stainless Steel,689
Eagle Brass 302 Austenitic Stainless Steel,862
Eagle Brass 302 Austenitic Stainless Steel,1030
Eagle Brass 302 Austenitic Stainless Steel,1210
Eagle Brass 302 Austenitic Stainless Steel,1280
ATI Allegheny Ludlum Stainless Steel Chromium-Nickel Type 302,655
ATI Allegheny Ludlum Stainless Steel Chromium-Nickel Type 302,786
ATI Allegheny Ludlum Stainless Steel Chromium-Nickel Type 302,889
ATI Allegheny Ludlum Stainless Steel Chromium-Nickel Type 302,993
ATI Allegheny Ludlum Stainless Steel Chromium-Nickel Type 302,1089
303 SE Stainless Steel,620
AISI Type 302B Stainless Steel,655
303 Stainless Steel,620
303 SE Stainless Steel,620
AISI Type 302B Stainless Steel,655
303 Stainless Steel,620
303 SE Stainless Steel,690
AISI Type 302B Stainless Steel,620
303 Stainless Steel,690
AISI Type 302B Stainless Steel,620
"AISI Type 302B Stainless Steel, Hot finished and annealed",515
303 SE Stainless Steel,620
"AISI Type 302B Stainless Steel, Cold finished and annealed",515
"AISI Type 302B Stainless Steel, Cold finished and annealed",620
303 SE Stainless Steel,620
"AISI Type 302B Stainless Steel, Cold Finished",620
303 SE Stainless Steel,690
"AISI Type 302B Stainless Steel, Annealed",515
303 MA Stainless Steel,620
303 MA Stainless Steel,690
ATI Allegheny Ludlum Stainless Steel Free Machining Grade Type 303,517
Schmolz + Bickenbach UGIMA® 303 Stainless Steel Bar,655
Schmolz + Bickenbach UGIMA® 303 Stainless Steel Bar,586
Schmolz + Bickenbach UGIMA® 303 Stainless Steel Bar,655
Schmolz + Bickenbach UGIMA® 303 HD Stainless Steel Bar,655
Schmolz + Bickenbach UGIMA® 303 HD Stainless Steel Bar,586
Schmolz + Bickenbach UGIMA® 303 HD Stainless Steel Bar,655
Schmolz + Bickenbach UGIMA 303 UX® Stainless Steel Bar,586
Schmolz + Bickenbach UGIMA 303 UX® Stainless Steel Bar,689
Schmolz + Bickenbach UGIMA 303 UX® Stainless Steel Bar,517
308 Stainless steel,585
305 Stainless Steel,585
308 Stainless steel,585
305 Stainless Steel,585
308 Stainless steel,585
305 Stainless Steel,585
308 Stainless steel,655
305 Stainless Steel,690
308 Stainless steel,620
305 Stainless Steel,585
308 Stainless steel,585
305 Stainless Steel,588
308 Stainless steel,760
308 Stainless steel,760
308 Stainless steel,895
305 Stainless Steel,643
305 Stainless Steel,734
308 Stainless steel,895
308 Stainless steel,895
308 Stainless steel,1140
305 Stainless Steel,876
308 Stainless steel,1035
308 Stainless steel,1105
308 Stainless steel,1380
305 Stainless Steel,998
308 Stainless steel,1310
308 Stainless steel,1310
308 Stainless steel,1550
305 Stainless Steel,1062
305 Stainless Steel,1131
305 Stainless Steel,515
AK Steel 305 Austenitic Stainless steel,586
Eagle Brass 305 Austenitic Stainless Steel,483
Eagle Brass 305 Austenitic Stainless Steel,862
Eagle Brass 305 Austenitic Stainless Steel,1030
ATI Allegheny Ludlum Stainless Steel Chromium-Nickel Type 305,565
ATI Allegheny Ludlum Stainless Steel Chromium-Nickel Type 305,648
ATI Allegheny Ludlum Stainless Steel Chromium-Nickel Type 305,745
ATI Allegheny Ludlum Stainless Steel Chromium-Nickel Type 305,862
ATI Allegheny Ludlum Stainless Steel Chromium-Nickel Type 305,979
ATI Allegheny Ludlum Stainless Steel Chromium-Nickel Type 305,1076
ATI Allegheny Ludlum Stainless Steel Chromium-Nickel Type 305,1124
ATI Allegheny Ludlum Stainless Steel Chromium-Nickel Type 305,515
AISI Type 309S (Cb) Stainless Steel,620
309 Stainless Steel,620
310 Stainless Steel,620
AISI Type 309S (Cb) Stainless Steel,620
309 Stainless Steel,620
AISI Type 309S (Cb) Stainless Steel,655
310 Stainless Steel,620
309 Stainless Steel,655
AISI Type 309S (Cb) Stainless Steel,655
310 Stainless Steel,655
309 Stainless Steel,655
310 Stainless Steel,655
AISI Type 309S (Cb) Stainless Steel,860
AISI Type 309S (Cb) Stainless Steel,725
309 Stainless Steel,860
310 Stainless Steel,860
309 Stainless Steel,725
310 Stainless Steel,725
AISI Type 309S (Cb) Stainless Steel,620
309 Stainless Steel,620
AK Steel 309 Austenitic Stainless steel,621
AISI Type 309S Stainless Steel,620
Industeel SIRIUS 310 25% Cr - 0.6% Si Heat Resistant Stainless Steel,550
Industeel SIRIUS 309 23% Cr - 13% Ni Heat Resistant Stainless Steel,540
AISI Type 309S Stainless Steel,620
ATI Allegheny Ludlum 310 Austenitic Stainless Steel,617
ATI Allegheny Ludlum 309 Austenitic Stainless Steel,621
AISI Type 309S Stainless Steel,655
AISI Type 309S Stainless Steel,655
AISI Type 309S Stainless Steel,860
AISI Type 309S Stainless Steel,725
AISI Type 309S Stainless Steel,620
AK Steel 309S Austenitic Stainless steel,621
ATI Allegheny Ludlum 309S Austenitic Stainless Steel,670
314 Stainless Steel,689
316 Stainless Steel,580
316 Stainless Steel,580
ATI Allegheny Ludlum 310S Austenitic Stainless Steel,624
314 Stainless Steel,689
316 Stainless Steel,620
314 Stainless Steel,689
314 Stainless Steel,776
316 Stainless Steel,689
314 Stainless Steel,515
314 Stainless Steel,515
314 Stainless Steel,620
316 Stainless Steel,550
314 Stainless Steel,515
316 Stainless Steel,620
314 Stainless Steel,620
Industeel SIRIUS 314 25% Cr - 1.8% Si Heat Resistant Stainless Steel,600
316 Stainless Steel,565
316 Stainless Steel,550
316 Stainless Steel,620
AK Steel 316 Austenitic Stainless steel,579
Eagle Brass 316 Austenitic Stainless Steel,517
Eagle Brass 316 Austenitic Stainless Steel,689
Eagle Brass 316 Austenitic Stainless Steel,862
Eagle Brass 316 Austenitic Stainless Steel,1030
Eagle Brass 316 Austenitic Stainless Steel,1210
Eagle Brass 316 Austenitic Stainless Steel,1280
AISI Type 316F Stainless Steel,585
AISI Type 316N Stainless Steel,620
AISI Type 316L Stainless Steel,560
AISI Type 316F Stainless Steel,565
AISI Type 316N Stainless Steel,620
AISI Type 316L Stainless Steel,560
AISI Type 316L Stainless Steel,560
AISI Type 316L Stainless Steel,515
AISI Type 316L Stainless Steel,585
AK Steel 316L Austenitic Stainless steel,558
Eagle Brass 316L Austenitic Stainless Steel,483
Eagle Brass 316L Austenitic Stainless Steel,689
Eagle Brass 316L Austenitic Stainless Steel,862
Eagle Brass 316L Austenitic Stainless Steel,1030
Eagle Brass 316L Austenitic Stainless Steel,1210
Eagle Brass 316L Austenitic Stainless Steel,1280
Industeel UREA 316L Modified 316L Mod Low Si,490
Industeel UREA 316L Modified 316L Mod Low Si,530
ATI Allegheny Ludlum Type 316L Stainless Steel,485
AISI Type 317L Stainless Steel,595
321 Stainless Steel,620
317 Stainless Steel,620
AISI Type 317L Stainless Steel,585
317 Stainless Steel,620
321 Stainless Steel,620
AISI Type 317L Stainless Steel,595
317 Stainless Steel,585
321 Stainless Steel,585
317 Stainless Steel,585
321 Stainless Steel,585
317 Stainless Steel,515
321 Stainless Steel,655
ATI Allegheny Ludlum Stainless Steel Chromium-Nickel-Molybdenum 317L (UNS S31703),515
317 Stainless Steel,515
317 Stainless Steel,620
317 Stainless Steel,620
ATI Allegheny Ludlum Type 317 Stainless Steel,515
AK Steel 321 Austenitic Stainless steel,621
ATI Allegheny Ludlum Stainless Steel Type 321 (UNS S32100),515
ATI Allegheny Ludlum Stainless Steel 334 (UNS S33400),572.4
330 Stainless Steel,550
330 Stainless Steel,550
330 Stainless Steel,620
330 Stainless Steel,585
330 Stainless Steel,586
384 Stainless Steel,515
384 Stainless Steel,540
384 Stainless Steel,510
405 Stainless Steel,448
409 Stainless Steel,450
405 Stainless Steel,621
409 Stainless Steel,448
405 Stainless Steel,448
405 Stainless Steel,483
405 Stainless Steel,586
ATI Allegheny Ludlum AL 409 Cb Brazeable Ferritic Stainless Steel,419
405 Stainless Steel,469
ATI Allegheny Ludlum AL 409 Cb Brazeable Ferritic Stainless Steel,467
ATI Allegheny Ludlum AL 409 Cb Brazeable Ferritic Stainless Steel,480
ATI Allegheny Ludlum AL 409 Cb Brazeable Ferritic Stainless Steel,576
ATI Allegheny Ludlum AL 409 Cb Brazeable Ferritic Stainless Steel,591
ATI Allegheny Ludlum AL 409 Cb Brazeable Ferritic Stainless Steel,631
ATI Allegheny Ludlum AL 409 Cb Brazeable Ferritic Stainless Steel,687
ATI Allegheny Ludlum AL 409 Cb Brazeable Ferritic Stainless Steel,737
430 Stainless Steel annealed at 815°C,538
430 Stainless Steel annealed at 815°C,517
430 Stainless Steel annealed sheet,517
430 Stainless Steel annealed strip,517
430 Stainless Steel annealed wire 6.4 mm diameter,483
430 Stainless Steel soft tempered wire 6.4 mm diameter,586
430 Stainless Steel annealed plate,517
430 Stainless Steel annealed bar,517
Crucible Steel 430F Stainless Steel,552
Crucible Steel 430F Stainless Steel,531
430 Stainless Steel annealed and cold drawn bar,586
AK Steel 430 Ferritic Stainless steel,483
AK Steel 430 ULTRA FORM® Stainless Steel,494
AK Steel 430 ULTRA FORM® Stainless Steel,494
AK Steel 430 ULTRA FORM® Stainless Steel,506
AK Steel 430 ULTRA FORM® Stainless Steel,491
AK Steel 430 ULTRA FORM® Stainless Steel,503
Eagle Brass 430 Ferritic Stainless Steel,448
Eagle Brass 430 Ferritic Stainless Steel,538
Eagle Brass 430 Ferritic Stainless Steel,621
Eagle Brass 430 Ferritic Stainless Steel,738
ATI Allegheny Ludlum 430 Ferritic Stainless Steel,455
ATI Allegheny Ludlum 430 Ferritic Stainless Steel,483
434 Stainless Steel annealed at 815°C,538
434 Stainless Steel annealed at 815°C,517
434 Stainless Steel annealed sheet,517
434 Stainless Steel annealed strip,517
434 Stainless Steel annealed wire 6.4 mm diameter,483
434 Stainless Steel soft tempered wire 6.4 mm diameter,586
434 Stainless Steel annealed plate,517
434 Stainless Steel annealed bar,517
434 Stainless Steel annealed and cold drawn bar,586
AK Steel 434 Ferritic Stainless steel,483
410 Stainless Steel,1525
403 Stainless Steel,485
446 Stainless Steel,550
446 Stainless Steel,550
403 Stainless Steel,485
446 Stainless Steel,655
403 Stainless Steel,655
446 Stainless Steel,585
403 Stainless Steel,515
446 Stainless Steel,550
403 Stainless Steel,765
446 Stainless Steel,585
410 Stainless Steel,834
410 Stainless Steel,1085
410 Stainless Steel,924
AISI Type 410S Stainless Steel,1525
AISI Type 410S Stainless Steel,834
AISI Type 410S Stainless Steel,1085
AISI Type 410S Stainless Steel,924
410 Cb Martensitic Stainless Steel (UNS S41040),655
AK Steel 410 Martensitic Stainless steel,517
AK Steel 410 Cb Martensitic Stainless steel,655
AK Steel 410 Cb Martensitic Stainless steel,1213
AK Steel 410 Cb Martensitic Stainless steel,1248
ATI Allegheny Ludlum 410 Martensitic Stainless Steel,510
ATI Allegheny Ludlum 410 Martensitic Stainless Steel,767
ATI Allegheny Ludlum 410 Martensitic Stainless Steel,1063
ATI Allegheny Ludlum 410 Martensitic Stainless Steel,1283
ATI Allegheny Ludlum 410 Martensitic Stainless Steel,1289
ATI Allegheny Ludlum 410 Martensitic Stainless Steel,1298
ATI Allegheny Ludlum 410 Martensitic Stainless Steel,1300
ATI Allegheny Ludlum 410 Martensitic Stainless Steel,1399
ATI Allegheny Ludlum Martensitic Stainless Steel Type 410,554
ATI Allegheny Ludlum Martensitic Stainless Steel Type 410,1399
ATI Allegheny Ludlum Martensitic Stainless Steel Type 410,1289
ATI Allegheny Ludlum Martensitic Stainless Steel Type 410,1283
ATI Allegheny Ludlum Martensitic Stainless Steel Type 410,1300
ATI Allegheny Ludlum Martensitic Stainless Steel Type 410,1298
ATI Allegheny Ludlum Martensitic Stainless Steel Type 410,1063
ATI Allegheny Ludlum Martensitic Stainless Steel Type 410,767
414 Stainless Steel,1795
AISI Type 416Se Stainless Steel,515
416 Stainless Steel,515
414 Stainless Steel,1430
AISI Type 416Se Stainless Steel,620
416 Stainless Steel,620
AISI Type 416Se Stainless Steel,930
416 Stainless Steel,930
AISI Type 416Se Stainless Steel,515
416 Stainless Steel,515
AISI Type 416Se Stainless Steel,760
416 Stainless Steel,760
AISI Type 416Se Stainless Steel,690
416 Stainless Steel,690
ATI Allegheny Ludlum Stainless Steel Free Machining Grade Type 416,1187
414 Stainless Steel,825
ATI Allegheny Ludlum Stainless Steel Free Machining Grade Type 416,931
414 Stainless Steel,825
ATI Allegheny Ludlum Stainless Steel Free Machining Grade Type 416,814
414 Stainless Steel,930
ATI Allegheny Ludlum Stainless Steel Free Machining Grade Type 416,738
414 Stainless Steel,795
ATI Allegheny Ludlum Stainless Steel Free Machining Grade Type 416,683
414 Stainless Steel,795
ATI Allegheny Ludlum Stainless Steel Free Machining Grade Type 416,565
414 Stainless Steel,1005
Schmolz + Bickenbach 416 Stainless Steel Bar,889
Schmolz + Bickenbach 416 Stainless Steel Bar,621
Schmolz + Bickenbach 416 Stainless Steel Bar,621
420 Stainless Steel,2025
AISI Type 420F Stainless Steel,655
AISI Type 420F Stainless Steel,760
420 Stainless Steel,655
422 Stainless Steel 315°C (600°F) temper,1580
AISI Type 420F Stainless Steel,690
420 Stainless Steel,655
422 Stainless Steel 425°C (800°F) temper,1635
AISI Type 420F(Se) Stainless Steel,655
420 Stainless Steel,760
422 Stainless Steel 480°C (900°F) temper,1675
AISI Type 420F(Se) Stainless Steel,760
420 Stainless Steel,655
422 Stainless Steel 540°C (1000°F) temper,1610
AISI Type 420F(Se) Stainless Steel,690
420 Stainless Steel,725
422 Stainless Steel 650°C (1200°F) temper,1030
420 Stainless Steel,760
AK Steel 420 Martensitic Stainless steel,586
AK Steel 420 Martensitic Stainless steel,1586
AK Steel 420 ULTRA HONE® Martensitic Stainless steel,586
AK Steel 420 ULTRA HONE® Martensitic Stainless steel,1586
International Mold Steel S-Star 420 ESR Stainless Steel for Plastic Molds,1100
International Mold Steel S-Star 420 ESR Stainless Steel for Plastic Molds,1940
Crucible Steel 422 Stainless Steel,1030
Crucible Steel 422 Stainless Steel,1580
ATI Allegheny Ludlum 420 Martensitic Stainless Steel,586
ATI Allegheny Ludlum 420 Martensitic Stainless Steel,838
ATI Allegheny Ludlum 420 Martensitic Stainless Steel,1093
ATI Allegheny Ludlum 420 Martensitic Stainless Steel,1583
ATI Allegheny Ludlum 420 Martensitic Stainless Steel,1606
ATI Allegheny Ludlum 420 Martensitic Stainless Steel,1606
ATI Allegheny Ludlum 420 Martensitic Stainless Steel,1627
ATI Allegheny Ludlum 420 Martensitic Stainless Steel,1759
ATI Allegheny Ludlum Martensitic Stainless Steel Type 420,592
ATI Allegheny Ludlum Martensitic Stainless Steel Type 420,1759
ATI Allegheny Ludlum Martensitic Stainless Steel Type 420,1583
ATI Allegheny Ludlum Martensitic Stainless Steel Type 420,1606
ATI Allegheny Ludlum Martensitic Stainless Steel Type 420,1627
ATI Allegheny Ludlum Martensitic Stainless Steel Type 420,1606
ATI Allegheny Ludlum Martensitic Stainless Steel Type 420,1093
ATI Allegheny Ludlum Martensitic Stainless Steel Type 420,838
440A Martensitic Stainless Steel (UNS S44002),725
ATI Allegheny Ludlum 440A Martensitic Stainless Steel,717
ATI Allegheny Ludlum 440A Martensitic Stainless Steel,933
ATI Allegheny Ludlum 440A Martensitic Stainless Steel,1224
ATI Allegheny Ludlum 440A Martensitic Stainless Steel,1858
ATI Allegheny Ludlum 440A Martensitic Stainless Steel,1879
ATI Allegheny Ludlum 440A Martensitic Stainless Steel,1881
ATI Allegheny Ludlum 440A Martensitic Stainless Steel,1883
ATI Allegheny Ludlum 440A Martensitic Stainless Steel,2022
ATI Allegheny Ludlum Martensitic Stainless Steel Type 440A,747
ATI Allegheny Ludlum Martensitic Stainless Steel Type 440A,2022
ATI Allegheny Ludlum Martensitic Stainless Steel Type 440A,1879
ATI Allegheny Ludlum Martensitic Stainless Steel Type 440A,1883
ATI Allegheny Ludlum Martensitic Stainless Steel Type 440A,1881
ATI Allegheny Ludlum Martensitic Stainless Steel Type 440A,1858
ATI Allegheny Ludlum Martensitic Stainless Steel Type 440A,1224
ATI Allegheny Ludlum Martensitic Stainless Steel Type 440A,933
440C Martensitic Stainless Steel (UNS S44004),760
AISI Type 304L Stainless Steel,564
304 Stainless Steel,505
AISI Type 304L Stainless Steel,660
304 Stainless Steel (UNS S30400),515
304 Stainless Steel (UNS S30400),515
304 Stainless Steel (UNS S30400),515
304 Stainless Steel (UNS S30400),515
304 Stainless Steel (UNS S30400),620
304 Stainless Steel (UNS S30400),620
304 Stainless Steel (UNS S30400),515
304 Stainless Steel (UNS S30400),515
304 Stainless Steel (UNS S30400),620
304 Stainless Steel (UNS S30400),620
304 Stainless Steel (UNS S30400),515
304 Stainless Steel (UNS S30400),515
304 Stainless Steel (UNS S30400),515
304 Stainless Steel (UNS S30400),590
Schmolz + Bickenbach UGIMA® 630 Stainless Steel Bar,793
Schmolz + Bickenbach UGIMA® 630 Stainless Steel Bar,1000
Schmolz + Bickenbach UGIMA® 630 Stainless Steel Bar,1030
Schmolz + Bickenbach UGIMA® 630 Stainless Steel Bar,931
Schmolz + Bickenbach UGIMA® 630 Stainless Steel Bar,1000
Schmolz + Bickenbach UGIMA® 630 Stainless Steel Bar,1070
Schmolz + Bickenbach UGIMA® 630 Stainless Steel Bar,1310
304 Stainless Steel (UNS S30400),515
304 Stainless Steel (UNS S30400),660
AK Steel 304L Austenitic Stainless steel,586
304 Stainless Steel (UNS S30400),640
304 Stainless Steel (UNS S30400),640
Eagle Brass 304L Austenitic Stainless Steel,483
304 Stainless Steel (UNS S30400); 1/8 Hard Bar,690
304 Stainless Steel (UNS S30400); 1/8 Hard Bar,690
Eagle Brass 304L Austenitic Stainless Steel,689
304 Stainless Steel (UNS S30400); 1/4 Hard Bar,860
304 Stainless Steel (UNS S30400); 1/4 Hard Bar,860
Eagle Brass 304L Austenitic Stainless Steel,862
304 Stainless Steel (UNS S30400); 1/2 Hard Bar,1035
304 Stainless Steel (UNS S30400); 1/2 Hard Bar,1035
Eagle Brass 304L Austenitic Stainless Steel,1030
304 Stainless Steel (UNS S30400),669
304 Stainless Steel (UNS S30400),669
Eagle Brass 304L Austenitic Stainless Steel,1210
304 Stainless Steel (UNS S30400),1280
Eagle Brass 304L Austenitic Stainless Steel,1280
ATI Allegheny Ludlum Stainless Steel Chromium-Nickel Type 304L,572
ATI Allegheny Ludlum Stainless Steel Chromium-Nickel Type 304L,676
ATI Allegheny Ludlum Stainless Steel Chromium-Nickel Type 304L,793
AISI Type 304L Stainless Steel,564
ATI Allegheny Ludlum Stainless Steel Chromium-Nickel Type 304L,910
AISI Type 304L Stainless Steel,660
ATI Allegheny Ludlum Stainless Steel Chromium-Nickel Type 304L,1014
ATI Allegheny Ludlum Stainless Steel Chromium-Nickel Type 304L,1103
ATI Allegheny Ludlum Stainless Steel Chromium-Nickel Type 304L,1282
ATI Allegheny Ludlum Stainless Steel Chromium-Nickel Type 304L,485
AK Steel 304 Austenitic Stainless steel,621
Eagle Brass 304 Austenitic Stainless Steel,517
Eagle Brass 304 Austenitic Stainless Steel,689
Eagle Brass 304 Austenitic Stainless Steel,862
Eagle Brass 304 Austenitic Stainless Steel,1030
Eagle Brass 304 Austenitic Stainless Steel,1210
Eagle Brass 304 Austenitic Stainless Steel,1280
Schmolz + Bickenbach UGIMA 304/304L® Stainless Steel Bar,552
Schmolz + Bickenbach UGIMA 304/304L® Stainless Steel Bar,689
Industeel NUCL 18.10 B4 Natural Boron (Min 1% wt) Alloyed 304 Stainless Steel,515
Industeel NUCL 18.10 B4 Natural Boron (Min 1% wt) Alloyed 304 Stainless Steel,610
ATI Allegheny Ludlum Stainless Steel Chromium-Nickel Type 304,572
ATI Allegheny Ludlum Stainless Steel Chromium-Nickel Type 304,676
ATI Allegheny Ludlum Stainless Steel Chromium-Nickel Type 304,793
ATI Allegheny Ludlum Stainless Steel Chromium-Nickel Type 304,910
ATI Allegheny Ludlum Stainless Steel Chromium-Nickel Type 304,1014
ATI Allegheny Ludlum Stainless Steel Chromium-Nickel Type 304,1103
ATI Allegheny Ludlum Stainless Steel Chromium-Nickel Type 304,1282
Schmolz + Bickenbach UGIMA® 304 Cu Stainless Steel Bar,483
Schmolz + Bickenbach UGIMA® 304 Cu Stainless Steel Bar,586